Phase X,Phase Y,Magnitude X,Magnitude Y
1000,-0.06831178149042001,1000,52.32724996201629
1023.292992280754,-0.0680321850481227,1023.292992280754,52.32724945319467
1047.1285480509,-0.06778865971899677,1047.1285480509,52.32724896214322
1071.519305237606,-0.0675810764107594,1071.519305237606,52.32724848781825
1096.478196143185,-0.06740932508602163,1096.478196143185,52.32724802921388
1122.018454301963,-0.06727331470413833,1122.018454301963,52.32724758536052
1148.153621496883,-0.06717297317293223,1148.153621496883,52.32724715531273
1174.897554939529,-0.06710824731069995,1174.897554939529,52.32724673816038
1202.264434617413,-0.06707910281806108,1202.264434617413,52.32724633302166
1230.268770812381,-0.06708552425980258,1230.268770812381,52.32724593903099
1258.925411794167,-0.06712751505691583,1258.925411794167,52.32724555535597
1288.249551693134,-0.06720509748833431,1288.249551693134,52.32724518118172
1318.256738556407,-0.06731831270298028,1318.256738556407,52.32724481571763
1348.962882591653,-0.06746722074146139,1348.962882591653,52.3272444581841
1380.384264602884,-0.06765190056813014,1380.384264602884,52.32724410782688
1412.537544622754,-0.06787245011294259,1412.537544622754,52.32724376390051
1445.439770745927,-0.06812898632337432,1445.439770745927,52.32724342567417
1479.108388168207,-0.068421645226592,1479.108388168207,52.32724309243356
1513.561248436208,-0.06875058200147814,1513.561248436208,52.3272427634686
1548.816618912481,-0.06911597106109414,1548.816618912481,52.32724243808607
1584.893192461113,-0.0695180061450186,1584.893192461113,52.32724211559251
1621.810097358929,-0.06995690042226442,1621.810097358929,52.3272417953015
1659.58690743756,-0.07043288660422639,1659.58690743756,52.32724147654017
1698.243652461744,-0.07094621706804538,1698.243652461744,52.32724115862557
1737.800828749375,-0.07149716399060442,1737.800828749375,52.3272408408884
1778.279410038922,-0.07208601949264785,1778.279410038922,52.32724052265402
1819.700858609983,-0.07271309579383749,1819.700858609983,52.32724020324489
1862.087136662866,-0.07337872537819801,1862.087136662866,52.32723988198322
1905.460717963246,-0.07408326117043315,1905.460717963246,52.3272395581905
1949.844599758044,-0.07482707672309816,1949.844599758044,52.32723923117879
1995.262314968878,-0.0756105664145659,1995.262314968878,52.32723890025424
2041.737944669528,-0.07643414565818826,2041.737944669528,52.32723856471797
2089.296130854038,-0.07729825112244712,2089.296130854038,52.32723822384937
2137.96208950223,-0.07820334096261708,2137.96208950223,52.32723787693416
2187.761623949551,-0.07914989506353816,2187.761623949551,52.32723752323441
2238.721138568338,-0.08013841529405305,2238.721138568338,52.32723716199931
2290.867652767771,-0.08116942577306381,2290.867652767771,52.32723679246025
2344.22881531992,-0.0822434731474645,2344.22881531992,52.32723641383799
2398.832919019488,-0.08336112688183875,2398.832919019488,52.32723602532589
2454.708915685028,-0.08452297956042303,2454.708915685028,52.32723562610228
2511.886431509578,-0.08572964720119444,2511.886431509578,52.32723521531639
2570.395782768861,-0.08698176958252087,2570.395782768861,52.3272347921009
2630.267991895379,-0.08828001058225712,2630.267991895379,52.32723435555988
2691.534803926913,-0.08962505852958838,2691.534803926913,52.32723390475832
2754.228703338164,-0.09101762657017863,2754.228703338164,52.32723343874995
2818.382931264451,-0.09245845304390683,2818.382931264451,52.32723295654149
2884.031503126603,-0.09394830187648774,2884.031503126603,52.3272324571111
2951.209226666382,-0.09548796298426325,2951.209226666382,52.32723193939883
3019.951720402013,-0.09707825269304476,3019.951720402013,52.32723140230816
3090.295432513587,-0.09872001417074996,3090.295432513587,52.32723084469789
3162.277660168375,-0.1004141178743961,3162.277660168375,52.32723026538557
3235.936569296278,-0.1021614620114527,3235.936569296278,52.32722966314307
3311.311214825906,-0.1039629730160438,3311.311214825906,52.32722903669713
3388.441561392021,-0.1058196060397664,3388.441561392021,52.32722838470913
3467.368504525311,-0.107732345458332,3467.368504525311,52.3272277058046
3548.133892335749,-0.1097022053930123,3548.133892335749,52.32722699854084
3630.780547701007,-0.1117302302482918,3630.780547701007,52.3272262614161
3715.352290971719,-0.1138174952654006,3715.352290971719,52.3272254928671
3801.893963205605,-0.115965107092277,3801.893963205605,52.32722469126793
3890.451449942799,-0.1181742043699601,3890.451449942799,52.32722385491284
3981.071705534966,-0.1204459583361842,3981.071705534966,52.32722298203177
4073.80277804112,-0.1227815734460734,4073.80277804112,52.32722207077161
4168.693834703347,-0.1251822880104728,4168.693834703347,52.3272211191975
4265.795188015919,-0.1276493748523266,4265.795188015919,52.32722012529535
4365.158322401651,-0.1301841419809733,4365.158322401651,52.32721908695396
4466.835921509622,-0.1327879332856312,4466.835921509622,52.32721800197255
4570.881896148741,-0.1354621292473021,4570.881896148741,52.32721686804765
4677.351412871973,-0.1382081476705163,4677.351412871973,52.32721568277626
4786.300923226374,-0.1410274444345231,4786.300923226374,52.32721444364241
4897.788193684452,-0.1439215142648675,4897.788193684452,52.32721314802147
5011.872336272713,-0.1468918915252864,5011.872336272713,52.32721179316152
5128.613839913639,-0.1499401510307932,5128.613839913639,52.32721037619047
5248.074602497716,-0.1530679088821691,5248.074602497716,52.32720889410092
5370.317963702517,-0.1562768233221233,5370.317963702517,52.32720734375239
5495.408738576235,-0.1595685956138873,5495.408738576235,52.32720572185375
5623.41325190348,-0.1629449709426904,5623.41325190348,52.32720402496972
5754.399373371558,-0.1664077393400067,5754.399373371558,52.32720224949424
5888.436553555878,-0.1699587366322096,5888.436553555878,52.32720039166136
6025.595860743566,-0.1735998454131042,6025.595860743566,52.32719844753917
6165.95001861481,-0.1773329960407239,6165.95001861481,52.32719641299678
6309.57344480192,-0.1811601676603415,6309.57344480192,52.32719428372047
6456.542290346542,-0.1850833892526306,6456.542290346542,52.32719205519675
6606.934480075946,-0.1891047407082142,6606.934480075946,52.32718972269586
6760.829753919804,-0.1932263539293063,6760.829753919804,52.32718728126881
6918.309709189351,-0.1974504139589719,6918.309709189351,52.32718472574089
7079.457843841365,-0.201779160137957,7079.457843841365,52.32718205069115
7244.359600749885,-0.2062148872907406,7244.359600749885,52.32717925044619
7413.102413009159,-0.2107599469406027,7413.102413009159,52.32717631906478
7585.775750291821,-0.2154167485547245,7585.775750291821,52.32717325032985
7762.4711662869,-0.2201877608200062,7762.4711662869,52.32717003773458
7943.282347242797,-0.2250755129498858,7943.282347242797,52.32716667446451
8128.305161640974,-0.2300825960232704,8128.305161640974,52.32716315338539
8317.637711026691,-0.2352116643562056,8317.637711026691,52.32715946702736
8511.380382023744,-0.2404654369068199,8511.380382023744,52.32715560757789
8709.635899560786,-0.2458466987141922,8709.635899560786,52.32715156684648
8912.509381337435,-0.251358302372384,8912.509381337435,52.32714733626221
9120.108393559076,-0.2570031695399984,9120.108393559076,52.3271429068543
9332.543007969889,-0.262784292486036,9332.543007969889,52.32713826922819
9549.925860214338,-0.2687047356729749,9549.925860214338,52.32713341354867
9772.372209558085,-0.2747676373780415,9772.372209558085,52.32712832951795
9999.999999999978,-0.2809762113530777,9999.999999999978,52.32712300635113
10232.92992280752,-0.2873337485245326,10232.92992280752,52.32711743275826
10471.28548050897,-0.2938436187338574,10471.28548050897,52.32711159692268
10715.19305237604,-0.3005092725191463,10715.19305237604,52.32710548646444
10964.78196143183,-0.3073342429397671,10964.78196143183,52.32709908842353
11220.18454301961,-0.3143221474441335,11220.18454301961,52.3270923892332
11481.5362149688,-0.3214766897815437,11481.5362149688,52.32708537468497
11748.97554939527,-0.3288016619597894,11748.97554939527,52.32707802990134
12022.6443461741,-0.3363009462489972,12022.6443461741,52.32707033930849
12302.68770812379,-0.3439785172324734,12302.68770812379,52.3270622865932
12589.25411794164,-0.3518384439067947,12589.25411794164,52.32705385468141
12882.49551693131,-0.3598848918303547,12882.49551693131,52.32704502569164
13182.56738556404,-0.3681221253230746,13182.56738556404,52.32703578089826
13489.6288259165,-0.3765545097182502,13489.6288259165,52.32702610069593
13803.84264602881,-0.3851865136663583,13803.84264602881,52.3270159645574
14125.3754462275,-0.394022711493673,14125.3754462275,52.32700535099066
14454.39770745923,-0.4030677856154259,14454.39770745923,52.32699423748367
14791.08388168203,-0.412326529006279,14791.08388168203,52.32698260047162
15135.61248436204,-0.4218038477278644,15135.61248436204,52.32697041527939
15488.16618912477,-0.4315047635153335,15488.16618912477,52.32695765606542
15848.93192461109,-0.4414344164247086,15848.93192461109,52.32694429577717
16218.10097358925,-0.4515980675412614,16218.10097358925,52.32693030608348
16595.86907437556,-0.4620011017511324,16595.86907437556,52.32691565731961
16982.43652461739,-0.4726490305775224,16982.43652461739,52.32690031842557
17378.0082874937,-0.48354749508238,17378.0082874937,52.32688425687911
17782.79410038918,-0.4947022688349844,17782.79410038918,52.32686743862124
18197.00858609978,-0.5061192609503097,18197.00858609978,52.32684982799461
18620.87136662862,-0.5178045191963603,18620.87136662862,52.32683138766376
19054.60717963241,-0.5297642331735349,19054.60717963241,52.32681207852554
19498.44599758039,-0.5420047375683181,19498.44599758039,52.32679185964684
19952.62314968873,-0.554532515480035,19952.62314968873,52.32677068816162
20417.37944669522,-0.5673542018253475,20417.37944669522,52.32674851918382
20892.96130854032,-0.5804765868206831,20892.96130854032,52.32672530571613
21379.62089502225,-0.5939066195440813,21379.62089502225,52.32670099854779
21877.61623949545,-0.6076514115786128,21877.61623949545,52.32667554614795
22387.21138568332,-0.6217182407399496,22387.21138568332,52.32664889456775
22908.67652767765,-0.636114554886881,22908.67652767765,52.3266209873058
23442.28815319914,-0.6508479758211591,23442.28815319914,52.32659176521142
23988.32919019482,-0.6659263032740862,23988.32919019482,52.32656116634429
24547.08915685022,-0.6813575189842832,24547.08915685022,52.32652912584697
25118.86431509571,-0.6971497908682565,25118.86431509571,52.32649557581331
25703.95782768854,-0.7133114772838204,25703.95782768854,52.32646044513436
26302.67991895372,-0.7298511313918684,26302.67991895372,52.3264236593588
26915.34803926906,-0.7467775056144923,26915.34803926906,52.32638514052756
27542.28703338156,-0.7640995561942968,27542.28703338156,52.32634480701373
28183.82931264443,-0.7818264478557821,28183.82931264443,52.3263025733504
28840.31503126595,-0.7999675585705143,28840.31503126595,52.3262583500434
29512.09226666375,-0.8185324844300349,29512.09226666375,52.32621204339334
30199.51720402005,-0.8375310446251786,30199.51720402005,52.3261635552872
30902.95432513579,-0.8569732865380549,30902.95432513579,52.32611278299687
31622.77660168367,-0.8768694909456402,31622.77660168367,52.32605961896164
32359.3656929627,-0.897230177338373,32359.3656929627,52.32600395055662
33113.11214825898,-0.9180661093564843,33113.11214825898,52.32594565986425
33884.41561392012,-0.939388300345523,33884.41561392012,52.32588462341766
34673.68504525303,-0.9612080190320577,34673.68504525303,52.32582071193922
35481.33892335741,-0.9835367953264218,35481.33892335741,52.32575379008104
36307.80547700999,-1.006386426247287,36307.80547700999,52.32568371611904
37153.5229097171,-1.029768981978699,37153.5229097171,52.32561034167715
38018.93963205596,-1.053696812053929,38018.93963205596,52.32553351138755
38904.5144994279,-1.078182551676302,38904.5144994279,52.32545306259543
39810.71705534955,-1.103239128170705,39810.71705534955,52.32536882498914
40738.0277804111,-1.128879767575962,40738.0277804111,52.32528062025702
41686.93834703336,-1.155118001375312,41686.93834703336,52.32518826170448
42657.95188015907,-1.181967673369338,42657.95188015907,52.32509155387141
43651.5832240164,-1.209442946691184,43651.5832240164,52.32499029210523
44668.35921509611,-1.23755831097269,44668.35921509611,52.32488426215017
45708.8189614873,-1.266328589652336,45708.8189614873,52.32477323968322
46773.51412871961,-1.295768947439103,46773.51412871961,52.32465698984205
47863.00923226362,-1.325894897927997,47863.00923226362,52.32453526674905
48977.88193684439,-1.356722311367899,48977.88193684439,52.32440781297574
50118.723362727,-1.388267422588579,50118.723362727,52.32427435901317
51286.13839913625,-1.420546839085596,51286.13839913625,52.32413462271082
52480.74602497702,-1.453577549264701,52480.74602497702,52.32398830867551
53703.17963702502,-1.487376930849793,53703.17963702502,52.32383510765931
54954.0873857622,-1.521962759454155,54954.0873857622,52.32367469591537
56234.13251903465,-1.557353217317322,56234.13251903465,52.32350673451775
57543.99373371543,-1.593566902207415,57543.99373371543,52.32333086865363
58884.36553555862,-1.630622836492671,58884.36553555862,52.32314672688243
60255.9586074355,-1.668540476383152,60255.9586074355,52.32295392036528
61659.50018614793,-1.707339721340898,61659.50018614793,52.32275204205589
63095.73444801903,-1.747040923660453,63095.73444801903,52.32254066584191
64565.42290346525,-1.787664898222719,64565.42290346525,52.32231934567305
66069.34480075928,-1.829232932420849,66069.34480075928,52.32208761462573
67608.29753919785,-1.871766796255871,67608.29753919785,52.32184498393995
69183.09709189332,-1.915288752604546,69183.09709189332,52.32159094199478
70794.57843841345,-1.959821567663169,70794.57843841345,52.32132495327144
72443.59600749865,-2.005388521551954,72443.59600749865,52.32104645721119
74131.02413009139,-2.052013419101493,74131.02413009139,52.32075486709169
75857.757502918,-2.099720600795731,75857.757502918,52.3204495687916
77624.71166286878,-2.14853495388934,77624.71166286878,52.32012991953969
79432.82347242774,-2.198481923684899,79432.82347242774,52.31979524658585
81283.0516164095,-2.249587524968279,81283.0516164095,52.31944484581079
83176.37711026667,-2.301878353611597,83176.37711026667,52.31907798030041
85113.8038202372,-2.355381598317321,85113.8038202372,52.31869387881359
87096.3589956076,-2.410125052522598,87096.3589956076,52.31829173422435
89125.09381337409,-2.466137126439105,89125.09381337409,52.31787070185846
91201.08393559049,-2.523446859238367,91201.08393559049,52.31742989777898
93325.43007969861,-2.582083931363981,93325.43007969861,52.31696839698618
95499.25860214308,-2.642078676971156,95499.25860214308,52.31648523154063
97723.72209558054,-2.703462096481261,97723.72209558054,52.3159793885992
99999.99999999946,-2.766265869243322,99999.99999999946,52.31544980836976
102329.2992280749,-2.830522366293216,102329.2992280749,52.31489538196792
104712.8548050894,-2.896264663199429,104712.8548050894,52.31431494919758
107151.9305237601,-2.963526552978426,107151.9305237601,52.31370729620095
109647.8196143179,-3.032342559077884,109647.8196143179,52.31307115305711
112201.8454301957,-3.102747948392629,112201.8454301957,52.31240519121633
114815.3621496877,-3.174778744322255,114815.3621496877,52.31170802087665
117489.7554939523,-3.248471739832639,117489.7554939523,52.31097818821809
120226.4434617406,-3.323864510506527,120226.4434617406,52.31021417251955
123026.8770812375,-3.400995427573309,123026.8770812375,52.30941438316995
125892.541179416,-3.479903670880325,125892.541179416,52.30857715654175
128824.9551693127,-3.5606292417886,128824.9551693127,52.30770075272964
131825.67385564,-3.643212975964087,131825.67385564,52.30678335215651
134896.2882591646,-3.727696556039586,134896.2882591646,52.30582305204435
138038.4264602877,-3.814122524109172,138038.4264602877,52.30481786273004
141253.7544622746,-3.902534294027483,141253.7544622746,52.30376570383487
144543.9770745919,-3.99297616347508,144543.9770745919,52.30266440027965
147910.8388168199,-4.0854933257504,147910.8388168199,52.30151167813359
151356.12484362,-4.180131881247559,151356.12484362,52.30030516029857
154881.6618912473,-4.276938848577433,154881.6618912473,52.29904236203006
158489.3192461104,-4.37596217527947,158489.3192461104,52.29772068626704
162181.0097358921,-4.477250748076675,162181.0097358921,52.29633741879641
165958.6907437551,-4.580854402611627,165958.6907437551,52.29488972320729
169824.3652461735,-4.686823932625026,169824.3652461735,52.29337463568822
173780.0828749365,-4.795211098483863,173780.0828749365,52.29178905959355
177827.9410038913,-4.906068635018751,177827.9410038913,52.29012975982351
181970.0858609973,-5.019450258590264,181970.0858609973,52.28839335700226
186208.7136662857,-5.135410673300596,186208.7136662857,52.2865763214291
190546.0717963236,-5.254005576292119,190546.0717963236,52.28467496683578
194984.4599758034,-5.375291662026917,194984.4599758034,52.28268544390333
199526.2314968868,-5.499326625465129,199526.2314968868,52.28060373356726
204173.7944669517,-5.626169164058942,204173.7944669517,52.27842564009495
208929.6130854027,-5.755878978441364,208929.6130854027,52.27614678392915
213796.2089502219,-5.888516771726714,213796.2089502219,52.27376259430902
218776.1623949539,-6.02414424729333,218776.1623949539,52.27126830164173
223872.1138568326,-6.162824104943047,223872.1138568326,52.26865892964976
229086.7652767759,-6.304620035322586,229086.7652767759,52.2659292872908
234422.8815319907,-6.449596712448527,234422.8815319907,52.26307396041079
239883.2919019475,-6.597819784247263,239883.2919019475,52.26008730319798
245470.8915685015,-6.749355860930701,245470.8915685015,52.25696342938224
251188.6431509564,-6.904272501085971,251188.6431509564,52.25369620321135
257039.5782768847,-7.062638195319998,257039.5782768847,52.25027923020096
263026.7991895365,-7.224522347302537,263026.7991895365,52.24670584766713
269153.4803926898,-7.389995252044322,269153.4803926898,52.24296911503409
275422.8703338148,-7.559128071257855,275422.8703338148,52.23906180395946
281838.2931264435,-7.731992805599726,281838.2931264435,52.23497638823794
288403.1503126587,-7.908662263650593,288403.1503126587,52.2307050335468
295120.9226666366,-8.089210027432822,295120.9226666366,52.22623958700134
301995.1720401996,-8.27371041428742,301995.1720401996,52.2215715665758
309029.5432513569,-8.462238434917429,309029.5432513569,52.21669215036334
316227.7660168358,-8.654869747440967,316227.7660168358,52.21159216576282
323593.656929626,-8.851680607208417,323593.656929626,52.20626207852138
331131.1214825888,-9.052747812249821,331131.1214825888,52.20069198175462
338844.1561392001,-9.258148644136815,338844.1561392001,52.19487158490026
346736.8504525292,-9.467960804073471,346736.8504525292,52.18879020267777
354813.3892335729,-9.682262344057245,354813.3892335729,52.18243674407658
363078.0547700987,-9.90113159289346,363078.0547700987,52.17579970138907
371535.2290971698,-10.12464707695012,371535.2290971698,52.16886713938015
380189.3963205584,-10.35288743544185,380189.3963205584,52.16162668457067
389045.1449942777,-10.58593133013036,389045.1449942777,52.15406551474192
398107.1705534943,-10.82385734931022,398107.1705534943,52.14617034868314
407380.2778041097,-11.06674390591177,407380.2778041097,52.13792743621356
416869.3834703322,-11.31466912971424,416869.3834703322,52.12932254860547
426579.5188015894,-11.56771075350121,426579.5188015894,52.12034096938802
436515.8322401627,-11.82594599316789,436515.8322401627,52.11096748565574
446683.5921509597,-12.08945142172663,446683.5921509597,52.10118637991603
457088.1896148715,-12.35830283722879,457088.1896148715,52.09098142256497
467735.1412871946,-12.63257512464895,467735.1412871946,52.08033586505297
478630.0923226346,-12.9123421117937,478630.0923226346,52.06923243382213
489778.8193684423,-13.19767641934524,489778.8193684423,52.05765332507521
501187.2336272683,-13.48864930523914,501187.2336272683,52.04558020048602
512861.3839913608,-13.78533050354953,512861.3839913608,52.03299418391342
524807.4602497685,-14.08778805813534,524807.4602497685,52.01987585918177
537031.7963702484,-14.39608815137753,537031.7963702484,52.006205269048
549540.8738576202,-14.71029492833062,549540.8738576202,51.99196191538437
562341.3251903446,-15.03047031674969,562341.3251903446,51.97712476071139
575439.9373371523,-15.35667384341504,575439.9373371523,51.96167223109527
588843.6553555842,-15.68896244731534,588843.6553555842,51.94558222053093
602559.5860743528,-16.02739029023386,602559.5860743528,51.92883209683214
616595.0018614772,-16.37200856542789,616595.0018614772,51.91139870913007
630957.3444801881,-16.72286530502621,630957.3444801881,51.89325839699698
645654.2290346503,-17.0800051869362,645654.2290346503,51.87438700126023
660693.4480075906,-17.44346934201125,660693.4480075906,51.8547598765364
676082.9753919762,-17.81329516232982,676082.9753919762,51.83435190551013
691830.9709189307,-18.18951611139805,691830.9709189307,51.81313751496042
707945.784384132,-18.572161537231,707945.784384132,51.79109069355982
724435.960074984,-18.96125648912865,724435.960074984,51.76818501140041
741310.2413009113,-19.35682153912909,741310.2413009113,51.74439364125169
758577.5750291774,-19.75887260898889,758577.5750291774,51.71968938148463
776247.1166286852,-20.16742080360598,776247.1166286852,51.69404468062026
794328.2347242747,-20.58247225173466,794328.2347242747,51.66743166342516
812830.5161640922,-21.00402795476478,812830.5161640922,51.63982215845558
831763.7711026638,-21.4320836443939,831763.7711026638,51.61118772698121
851138.0382023691,-21.86662964980535,851138.0382023691,51.58149969313531
870963.5899560731,-22.30765077495288,870963.5899560731,51.55072917518439
891250.9381337378,-22.75512618648217,891250.9381337378,51.51884711778987
912010.8393559018,-23.20902931259691,912010.8393559018,51.48582432507644
933254.3007969829,-23.66932775320725,933254.3007969829,51.45163149440133
954992.5860214276,-24.13598320137597,954992.5860214276,51.41623925063114
977237.2209558021,-24.60895137611907,977237.2209558021,51.37961818077959
999999.9999999913,-25.08818196633122,999999.9999999913,51.34173886885119
1023292.992280745,-25.57361858556342,1023292.992280745,51.30257193074258
1047128.54805089,-26.06519873715149,1047128.54805089,51.26208804905423
1071519.305237597,-26.56285378910909,1071519.305237597,51.22025800768745
1096478.196143175,-27.06650895807605,1096478.196143175,51.17705272611643
1122018.454301953,-27.57608330145987,1122018.454301953,51.13244329324807
1148153.621496872,-28.09148971687058,1148153.621496872,51.08640100079731
1174897.554939519,-28.61263494785324,1174897.554939519,51.03889737614435
1202264.434617402,-29.13941959486965,1202264.434617402,50.98990421465417
1230268.77081237,-29.67173813055234,1230268.77081237,50.93939361148756
1258925.411794155,-30.2094789181577,1258925.411794155,50.88733799294631
1288249.551693122,-30.75252423236041,1288249.551693122,50.83371014744264
1318256.738556395,-31.30075028147828,1318256.738556395,50.77848325619307
1348962.882591641,-31.85402723050913,1348962.882591641,50.7216309237899
1380384.264602872,-32.41221922443761,1380384.264602872,50.66312720881938
1412537.544622741,-32.97518441147935,1412537.544622741,50.60294665469058
1445439.770745914,-33.54277496626844,1445439.770745914,50.54106432090998
1479108.388168193,-34.1148371131685,1479108.388168193,50.47745581500132
1513561.248436193,-34.69121115022214,1513561.248436193,50.41209732529075
1548816.618912466,-35.27173147446812,1548816.618912466,50.34496565476517
1584893.192461098,-35.85622660986065,1584893.192461098,50.27603825623135
1621810.097358914,-36.44451923910054,1621810.097358914,50.20529326893784
1659586.907437544,-37.03642624103815,1659586.907437544,50.13270955681427
1698243.652461728,-37.63175873573547,1698243.652461728,50.05826674847544
1737800.828749358,-38.2303221391775,1737800.828749358,49.98194527903425
1778279.410038905,-38.83191623016852,1778279.410038905,49.90372643377353
1819700.858609965,-39.43633523184511,1819700.858609965,49.82359239365303
1862087.136662849,-40.04336791030158,1862087.136662849,49.74152628252654
1905460.717963228,-40.65279769315605,1905460.717963228,49.65751221598079
1949844.599758025,-41.26440281030287,1949844.599758025,49.57153535150426
1995262.314968859,-41.87795645959454,1995262.314968859,49.48358193977815
2041737.944669509,-42.49322699948137,2041737.944669509,49.39363937669096
2089296.130854018,-43.10997817067353,2089296.130854018,49.30169625569768
2137962.08950221,-43.72796934855997,2137962.08950221,49.20774242006476
2187761.62394953,-44.34695582756822,2187761.62394953,49.11176901448617
2238721.138568317,-44.96668913846538,2238721.138568317,49.01376853553614
2290867.65276775,-45.58691739887264,2290867.65276775,48.91373488037238
2344228.815319898,-46.20738569703457,2344228.815319898,48.81166339311063
2398832.919019466,-46.82783650810345,2398832.919019466,48.70755090825361
2454708.915685005,-47.44801014184289,2454708.915685005,48.60139579058342
2511886.431509554,-48.067645220076,2511886.431509554,48.49319797093551
2570395.782768837,-48.68647918170304,2570395.782768837,48.38295897729762
2630267.991895354,-49.30424881251613,2630267.991895354,48.2706819607065
2691534.803926887,-49.92069079678377,2691534.803926887,48.15637171548025
2754228.703338137,-50.5355422871167,2754228.703338137,48.0400346933849
2818382.931264423,-51.14854148850762,2818382.931264423,47.92167901134962
2884031.503126575,-51.75942825273034,2884031.503126575,47.80131445250511
2951209.226666354,-52.36794467846821,2951209.226666354,47.67895246031129
3019951.720401983,-52.97383571272605,3019951.720401983,47.55460612566131
3090295.432513557,-53.57684974910212,3090295.432513557,47.42829016695016
3162277.660168345,-54.1767392180907,3162277.660168345,47.30002090311905
3235936.569296247,-54.77326116517418,3235936.569296247,47.16981621983217
3311311.214825874,-55.36617781221162,3311311.214825874,47.03769552897648
3388441.561391988,-55.95525709801928,3388441.561391988,46.90367972176208
3467368.504525278,-56.5402731943385,3467368.504525278,46.76779111577606
3548133.892335715,-57.12100699352643,3548133.892335715,46.63005339638464
3630780.547700973,-57.69724656493314,3630780.547700973,46.49049155295683
3715352.290971684,-58.26878757698854,3715352.290971684,46.3491318103922
3801893.963205569,-58.83543368277993,3801893.963205569,46.2060015565135
3890451.449942762,-59.39699686706848,3890451.449942762,46.06112926587283
3981071.705534928,-59.95329775331432,3981071.705534928,45.91454442056992
4073802.778041082,-60.50416586958646,4073802.778041082,45.76627742866273
4168693.834703307,-61.04943987279628,4168693.834703307,45.61635954078134
4265795.188015878,-61.58896773103001,4265795.188015878,45.46482276552231
4365158.32240161,-62.12260686416615,4365158.32240161,45.31169978420348
4466835.921509581,-62.65022424342155,4466835.921509581,45.15702386554337
4570881.896148698,-63.17169645063861,4570881.896148698,45.00082878077414
4677351.412871929,-63.68690969869581,4677351.412871929,44.84314871971497
4786300.923226329,-64.19575981444875,4786300.923226329,44.68401820824568
4897788.193684406,-64.69815218602274,4897788.193684406,44.52347202762581
5011872.336272665,-65.19400167644677,5011872.336272665,44.3615451360338
5128613.83991359,-65.68323250567954,5128613.83991359,44.1982725926777
5248074.602497666,-66.16577810340401,5248074.602497666,44.03368948477809
5370317.963702466,-66.64158093490948,5370317.963702466,43.86783085768099
5495408.738576183,-67.11059230244686,5495408.738576183,43.70073164831696
5623413.251903427,-67.57277212463232,5623413.251903427,43.5324266221909
5754399.373371503,-68.02808869624755,5754399.373371503,43.36295031402413
5888436.553555822,-68.47651843095554,5888436.553555822,43.19233697215826
6025595.860743508,-68.91804558927932,6025595.860743508,43.02062050677819
6165950.01861475,-69.35266199423242,6165950.01861475,42.8478344419858
6309573.44480186,-69.78036673678757,6309573.44480186,42.67401187171983
6456542.29034648,-70.20116587334363,6456542.29034648,42.49918541949356
6606934.480075883,-70.6150721172707,6606934.480075883,42.3233872018979
6760829.753919738,-71.02210452637955,6760829.753919738,42.14664879578929
6918309.709189284,-71.42228818818133,6918309.709189284,41.96900120907242
7079457.843841296,-71.81565390451436,7079457.843841296,41.79047485495539
7244359.600749815,-72.20223787715473,7244359.600749815,41.61109952956254
7413102.413009088,-72.58208139571495,7413102.413009088,41.43090439275709
7585775.750291748,-72.95523052913968,7585775.750291748,41.24991795202902
7762471.166286825,-73.32173582193361,7762471.166286825,41.06816804929785
7943282.34724272,-73.68165199606743,7943282.34724272,40.885681850464
8128305.161640896,-74.03503765950532,8128305.161640896,40.70248583755373
8317637.711026611,-74.38195502205218,8317637.711026611,40.51860580328515
8511380.382023662,-74.72246961919741,8511380.382023662,40.33406684790064
8709635.899560701,-75.05665004451443,8709635.899560701,40.14889337809777
8912509.381337347,-75.38456769102041,8912509.381337347,39.96310910789955
9120108.393558986,-75.7062965018565,9120108.393558986,39.77673706130701
9332543.007969797,-76.02191273058575,9332543.007969797,39.58979957658548
9549925.860214243,-76.33149471126069,9549925.860214243,39.40231831203499
9772372.209557988,-76.63512263837674,9772372.209557988,39.214314253099
9999999.999999877,-76.93287835682403,9999999.999999877,39.02580772068719
10232929.92280742,-77.22484516173661,10232929.92280742,38.83681838057101
10471285.48050887,-77.51110760827075,10471285.48050887,38.64736525373633
10715193.05237593,-77.79175133116189,10715193.05237593,38.45746672757712
10964781.96143172,-78.06686287394061,10964781.96143172,38.2671405678169
11220184.5430195,-78.3365295276276,11220184.5430195,38.07640393106189
11481536.21496869,-78.60083917868103,11481536.21496869,37.88527337788317
11748975.54939515,-78.85988016602292,11748975.54939515,37.69376488634583
12022644.34617398,-79.11374114683061,12022644.34617398,37.50189386589739
12302687.70812366,-79.36251097084599,12302687.70812366,37.30967517154185
12589254.11794151,-79.60627856296063,12589254.11794151,37.11712311822883
12882495.51693118,-79.84513281372145,12882495.51693118,36.92425149539367
13182567.3855639,-80.07916247750725,13182567.3855639,36.73107358158843
13489628.82591636,-80.3084560780523,13489628.82591636,36.53760215915138
13803842.64602867,-80.53310182101994,13803842.64602867,36.34384952886904
14125375.44622736,-80.75318751330258,14125375.44622736,36.149827524581
14454397.70745909,-80.96880048877648,14454397.70745909,35.95554752769555
14791083.88168188,-81.18002754017211,14791083.88168188,35.76102048157603
15135612.48436189,-81.38695485679682,15135612.48436189,35.56625690576942
15488166.18912461,-81.58966796778786,15488166.18912461,35.3712669100501
15848931.92461093,-81.78825169063971,15848931.92461093,35.17606020825287
16218100.97358909,-81.98279008470504,16218100.97358909,34.98064613187802
16595869.07437539,-82.17336640940749,16595869.07437539,34.78503364344687
16982436.52461722,-82.36006308690905,16982436.52461722,34.58923134959689
17378008.28749353,-82.54296166896559,17378008.28749353,34.39324751389992
17782794.10038899,-82.72214280775175,17782794.10038899,34.19709006939672
18197008.58609959,-82.89768623039292,18197008.58609959,34.00076663083825
18620871.36662842,-83.06967071699083,18620871.36662842,33.80428450662635
19054607.17963221,-83.23817408193702,19054607.17963221,33.60765071045223
19498445.99758019,-83.40327315828981,19498445.99758019,33.41087197262751
19952623.14968853,-83.56504378503895,19952623.14968853,33.2139547511072
20417379.44669502,-83.72356079705192,20417379.44669502,33.01690524220447
20892961.30854011,-83.87889801753724,20892961.30854011,32.81972939099827
21379620.89502203,-84.03112825283853,21379620.89502203,32.62243290143449
21877616.23949523,-84.18032328944246,21877616.23949523,32.42502124612668
22387211.38568309,-84.32655389297905,22387211.38568309,32.22749967585537
22908676.52767742,-84.46988980914313,22908676.52767742,32.0298732287748
23442288.1531989,-84.61039976635638,23442288.1531989,31.8321467393287
23988329.19019458,-84.7481514800582,23988329.19019458,31.634324846883
24547089.15684997,-84.8832116585027,24547089.15684997,31.43641200407998
25118864.31509546,-85.01564600995812,25118864.31509546,31.23841248492018
25703957.82768829,-85.14551925118816,25703957.82768829,31.04033039257979
26302679.91895346,-85.2728951171328,26302679.91895346,30.84216966696932
26915348.03926879,-85.39783637168254,26915348.03926879,30.64393409204165
27542287.03338129,-85.52040481947319,27542287.03338129,30.44562730285581
28183829.31264415,-85.64066131860591,28183829.31264415,30.24725279240449
28840315.03126566,-85.75866579423815,28840315.03126566,30.04881391821298
29512092.26666345,-85.87447725295409,29512092.26666345,29.85031390871685
30199517.20401974,-85.98815379786956,30199517.20401974,29.65175586942564
30902954.32513547,-86.09975264440209,30902954.32513547,29.45314278888157
31622776.60168335,-86.20933013665152,31622776.60168335,29.25447754441876
32359365.69296237,-86.31694176435488,32359365.69296237,29.05576290773254
33113112.14825864,-86.42264218034616,33113112.14825864,28.85700155026506
33884415.61391977,-86.5264852185034,33884415.61391977,28.65819604841626
34673685.04525267,-86.62852391213248,34673685.04525267,28.45934888858458
35481338.92335703,-86.72881051275506,35481338.92335703,28.26046247204824
36307805.47700961,-86.82739650927719,36307805.47700961,28.06153911969198
37153522.90971672,-86.92433264749916,37153522.90971672,27.86258107658693
38018939.63205557,-87.01966894995701,38018939.63205557,27.66359051643038
38904514.4994275,-87.11345473606973,38904514.4994275,27.46456954585276
39810717.05534915,-87.2057386425693,39810717.05534915,27.26552020859796
40738027.78041068,-87.29656864420558,40738027.78041068,27.06644448958361
41686938.34703293,-87.38599207471663,41686938.34703293,26.86734431884762
42657951.88015865,-87.47405564804502,42657951.88015865,26.66822157538774
43651583.22401597,-87.56080547980358,43651583.22401597,26.46907809089939
44668359.21509566,-87.64628710898324,44668359.21509566,26.26991565341829
45708818.96148684,-87.73054551990286,45708818.96148684,26.07073601087311
46773514.12871914,-87.81362516439451,46773514.12871914,25.87154087455449
47863009.23226313,-87.89556998424018,47863009.23226313,25.67233192250475
48977881.9368439,-87.9764234338584,48977881.9368439,25.47311080283488
50118723.36272649,-88.05622850324283,50118723.36272649,25.27387913697245
51286138.39913573,-88.13502774117578,51286138.39913573,25.07463852284632
52480746.02497648,-88.21286327872235,52480746.02497648,24.87539053801265
53703179.63702448,-88.28977685301531,53703179.63702448,24.67613674272661
54954087.38576164,-88.36580983135347,54954087.38576164,24.47687868296374
56234132.51903407,-88.44100323563445,56234132.51903407,24.27761789339618
57543993.73371483,-88.51539776713612,57543993.73371483,24.07835590032612
58884365.53555802,-88.589033831671,58884365.53555802,23.8790942245818
60255958.60743487,-88.66195156514642,60255958.60743487,23.67983438437815
61659500.18614729,-88.73419085954795,61659500.18614729,23.48057789814613
63095734.44801837,-88.80579138938459,63095734.44801837,23.28132628733343
64565422.90346458,-88.87679263861904,64565422.90346458,23.08208107917909
66069344.8007586,-88.94723392812895,66069344.8007586,22.88284380946489
67608297.53919715,-89.01715444372083,67608297.53919715,22.68361602524512
69183097.09189259,-89.08659326475123,69183097.09189259,22.48439928755674
70794578.4384127,-89.15558939338281,70794578.4384127,22.28519517411155
72443596.00749788,-89.22418178452862,72443596.00749788,22.08600528197107
74131024.13009059,-89.29240937652597,74131024.13009059,21.88683123020501
75857757.50291719,-89.36031112258416,75857757.50291719,21.68767466253378
77624711.66286795,-89.42792602306724,77624711.66286795,21.48853724995426
79432823.47242689,-89.49529315865485,79432823.47242689,21.28942069334881
81283051.61640863,-89.56245172443924,81283051.61640863,21.09032672607594
83176377.11026578,-89.6294410650178,83176377.11026578,20.89125711654066
85113803.8202363,-89.69630071063978,85113803.8202363,20.69221367074285
87096358.99560668,-89.76307041446537,87096358.99560668,20.49319823479961
89125093.81337313,-89.82979019100833,89125093.81337313,20.29421269743874
91201083.93558952,-89.89650035582123,91201083.93558952,20.0952589924583
93325430.07969761,-89.96324156649423,93325430.07969761,19.89633910114713
95499258.60214207,-90.03005486503611,95499258.60214207,19.69745505466018
97723722.0955795,-90.09698172170891,97723722.0955795,19.49860893634137
99999999.99999839,-90.16406408038918,99999999.99999839,19.29980288398615
102329299.2280738,-90.23134440552525,102329299.2280738,19.10103909203432
104712854.8050883,-90.29886573076919,104712854.8050883,18.90231981368296
107151930.5237589,-90.3666717093552,107151930.5237589,18.70364736290801
109647819.6143167,-90.4348066662977,109647819.6143167,18.50502411638156
112201845.4301945,-90.50331565248295,112201845.4301945,18.30645251527088
114815362.1496864,-90.57224450073045,114815362.1496864,18.10793506690367
117489755.493951,-90.64163988388478,117489755.493951,17.90947434628223
120226443.4617393,-90.71154937501835,120226443.4617393,17.71107299742819
123026877.0812361,-90.78202150979857,123026877.0812361,17.51273373453742
125892541.1794147,-90.85310585108634,125892541.1794147,17.31445934292307
128824955.1693113,-90.92485305581855,128824955.1693113,17.11625267972302
131825673.8556385,-90.99731494422407,131825673.8556385,16.91811667434605
134896288.2591631,-91.07054457141371,134896288.2591631,16.72005432862926
138038426.4602862,-91.14459630137824,138038426.4602862,16.52206871667727
141253754.4622731,-91.21952588341701,141253754.4622731,16.32416298435161
144543977.0745904,-91.29539053100466,144543977.0745904,16.1263403483771
147910838.8168183,-91.37224900309754,147910838.8168183,15.92860409502961
151356124.8436183,-91.45016168785874,151356124.8436183,15.73095757836798
154881661.8912455,-91.5291906887701,154881661.8912455,15.53340421797049
158489319.2461087,-91.60939991307181,158489319.2461087,15.33594749613516
162181009.7358903,-91.69085516246055,162181009.7358903,15.13859095450055
165958690.7437533,-91.77362422594432,165958690.7437533,14.94133819004275
169824365.2461716,-91.85777697472921,169824365.2461716,14.74419285040243
173780082.8749346,-91.94338545898776,173780082.8749346,14.54715862849494
177827941.0038893,-92.03052400632603,177827941.0038893,14.35023925635491
181970085.8609953,-92.11926932173274,181970085.8609953,14.15343849816687
186208713.6662836,-92.20970058876036,186208713.6662836,13.95676014243239
190546071.7963215,-92.30189957165221,190546071.7963215,13.76020799322495
194984459.9758012,-92.39595071808419,194984459.9758012,13.56378586048391
199526231.4968846,-92.49194126215524,199526231.4968846,13.36749754930052
204173794.4669494,-92.58996132720998,204173794.4669494,13.17134684815029
208929613.0854004,-92.69010402803876,208929613.0854004,12.97533751602878
213796208.9502195,-92.7924655719472,213796208.9502195,12.77947326845114
218776162.3949515,-92.897145358145,218776162.3949515,12.58375776227944
223872113.8568301,-93.00424607485326,223872113.8568301,12.38819457934732
229086765.2767733,-93.11387379348452,229086765.2767733,12.19278720885677
234422881.5319881,-93.22613805920126,234422881.5319881,11.99753902852944
239883291.9019449,-93.34115197711496,239883291.9019449,11.80245328450242
245470891.5684988,-93.45903229334637,245470891.5684988,11.60753306996754
251188643.1509536,-93.57989947012824,251188643.1509536,11.41278130256407
257039578.2768819,-93.70387775409871,257039578.2768819,11.21820070054508
263026799.1895336,-93.83109523690561,263026799.1895336,11.02379375775136
269153480.3926868,-93.96168390721836,269153480.3926868,10.82956271743955
275422870.3338118,-94.09577969323716,275422870.3338118,10.63550954502632
281838293.1264404,-94.23352249477891,281838293.1264404,10.44163589982598
288403150.3126555,-94.3750562040327,288403150.3126555,10.24794310587527
295120922.6666334,-94.52052871409231,295120922.6666334,10.05443212195667
301995172.0401963,-94.67009191441215,301995172.0401963,9.861103510948681
309029543.2513536,-94.82390167237376,309029543.2513536,9.667957408650532
316227766.0168324,-94.9821178002215,316227766.0168324,9.474993492245799
323593656.9296225,-95.14490400669612,323593656.9296225,9.282210948588244
331131121.4825852,-95.31242783280226,331131121.4825852,9.089608442509789
338844156.1391965,-95.48486057125136,338844156.1391965,8.897184085367416
346736850.4525254,-95.66237716925967,346736850.4525254,8.704935404060398
354813389.2335691,-95.84515611452751,354813389.2335691,8.512859310763002
363078054.7700948,-96.03337930439366,363078054.7700948,8.320952073628634
371535229.0971658,-96.22723189833913,371535229.0971658,8.129209288730131
380189396.3205543,-96.42690215421183,380189396.3205543,7.93762585350642
389045144.9942735,-96.63258124875198,389045144.9942735,7.746195941987848
398107170.55349,-96.84446308321128,398107170.55349,7.55491298207077
407380277.8041053,-97.06274407508899,407380277.8041053,7.363769635106003
416869383.4703279,-97.28762293722774,416869383.4703279,7.172757778055431
426579518.8015849,-97.51930044574186,426579518.8015849,6.981868488455905
436515832.240158,-97.75797919846731,436515832.240158,6.791092032409533
446683592.150955,-98.00386336583432,446683592.150955,6.600417855794852
457088189.6148667,-98.2571584362553,457088189.6148667,6.409834578863228
467735141.2871896,-98.5180709582982,467735141.2871896,6.219329994350941
478630092.3226295,-98.78680828206038,478630092.3226295,6.028891069198177
489778819.3684372,-99.06357830228244,489778819.3684372,5.838503949923743
501187233.627263,-99.34858920582258,501187233.627263,5.648153971657931
512861383.9913554,-99.64204922616081,512861383.9913554,5.457825670787139
524807460.2497629,-99.94416640760728,524807460.2497629,5.267502801112726
537031796.3702428,-100.2551483818487,537031796.3702428,5.077168353374636
549540873.8576144,-100.5752021593823,549540873.8576144,4.886804577938
562341325.1903387,-100.9045339382507,562341325.1903387,4.696393010389192
575439937.3371463,-101.2433489323148,575439937.3371463,4.505914499738481
588843655.3555781,-101.5918512210692,588843655.3555781,4.315349238879453
602559586.0743465,-101.9502436227399,602559586.0743465,4.124676796912404
616595001.8614707,-102.3187275920868,616595001.8614707,3.933876152901183
630957344.4801815,-102.6975031439907,630957344.4801815,3.742925730600633
645654229.0346434,-103.086768803521,645654229.0346434,3.551803433666076
660693448.0075836,-103.4867215827795,660693448.0075836,3.360486680838414
676082975.3919691,-103.8975569843921,676082975.3919691,3.168952440587336
691830970.9189235,-104.3194690310849,691830970.9189235,2.977177264693415
707945784.3841246,-104.7526503203474,707945784.3841246,2.785137320255577
724435960.0749764,-105.1972921027474,724435960.0749764,2.592808419625126
741310241.3009036,-105.6535843820471,741310241.3009036,2.400166047790277
758577575.0291694,-106.1217160348558,758577575.0291694,2.207185386765893
776247116.628677,-106.6018749471915,776247116.628677,2.013841336581436
794328234.7242664,-107.0942481649628,794328234.7242664,1.820108532505078
812830516.1640837,-107.5990220550844,812830516.1640837,1.625961358193571
831763771.1026551,-108.1163824736673,831763771.1026551,1.43137395451359
851138038.2023602,-108.646514937504,851138038.2023602,1.236320223841824
870963589.9560639,-109.1896047948947,870963589.9560639,1.040773829715121
891250938.1337284,-109.7458373917384,891250938.1337284,0.8447081917693995
912010839.3558922,-110.3153982287369,912010839.3558922,0.6480964759744454
933254300.796973,-110.8984731055409,933254300.796973,0.4509115802409633
954992586.0214175,-111.4952482476897,954992586.0214175,0.2531261155453605
977237220.9557917,-112.1059104122781,977237220.9557917,0.05471238278544824
999999999.9999806,-112.7306469684017,999999999.9999806,-0.1443576543535194
1023292992.280734,-113.369645948602,1023292992.280734,-0.3441124001795793
1047128548.050879,-114.0230960677371,1047128548.050879,-0.5445806610181135
1071519305.237586,-114.6911867059555,1071519305.237586,-0.7457916820191312
1096478196.143164,-115.3741078527272,1096478196.143164,-0.9477751862345325
1122018454.301942,-116.0720500092063,1122018454.301942,-1.150561415404142
1148153621.496861,-116.7852040465399,1148153621.496861,-1.35418117184536
1174897554.939507,-117.5137610181118,1174897554.939507,-1.55866586080277
1202264434.61739,-118.2579119241059,1202264434.61739,-1.764047532580863
1230268770.812358,-119.0178474271911,1230268770.812358,-1.97035892375495
1258925411.794143,-119.7937575185687,1258925411.794143,-2.177633496733408
1288249551.693109,-120.5858311340771,1288249551.693109,-2.385905476928319
1318256738.556381,-121.3942557205224,1318256738.556381,-2.59520988678154
1348962882.591627,-122.219216752883,1348962882.591627,-2.805582575890019
1380384264.602858,-123.0608972035369,1380384264.602858,-3.01706024647757
1412537544.622726,-123.9194769651575,1412537544.622726,-3.229680473470962
1445439770.745899,-124.7951322294343,1445439770.745899,-3.443481718456272
1479108388.168178,-125.6880348242852,1479108388.168178,-3.658503336817533
1513561248.436178,-126.598351512731,1513561248.436178,-3.8747855773939
1548816618.912451,-127.5262432571048,1548816618.912451,-4.092369574034322
1584893192.461082,-128.4718644527554,1584893192.461082,-4.311297328480411
1621810097.358898,-129.4353621358714,1621810097.358898,-4.531611684068984
1659586907.437528,-130.4168751704995,1659586907.437528,-4.75335628981558
1698243652.46171,-131.4165334202382,1698243652.46171,-4.976575554519505
1737800828.749341,-132.4344569104616,1737800828.749341,-5.201314590619257
1778279410.038887,-133.4707549872509,1778279410.038887,-5.42761914762422
1819700858.609947,-134.5255254794767,1819700858.609947,-5.655535535053691
1862087136.66283,-135.5988538706767,1862087136.66283,-5.885110534927582
1905460717.963209,-136.6908124875018,1905460717.963209,-6.116391303972206
1949844599.758006,-137.8014597115514,1949844599.758006,-6.349425265829955
1995262314.968839,-138.9308392213754,1995262314.968839,-6.584259993690451
2041737944.669488,-140.0789792712888,2041737944.669488,-6.820943083892339
2089296130.853997,-141.2458920134124,2089296130.853997,-7.05952202117674
2137962089.502189,-142.4315728690158,2137962089.502189,-7.30004403640419
2187761623.949508,-143.63599995481,2187761623.949508,-7.542555957673422
2238721138.568294,-144.8591335692956,2238721138.568294,-7.787104055901671
2290867652.767726,-146.1009157436437,2290867652.767726,-8.033733886038901
2344228815.319874,-147.3612698608607,2344228815.319874,-8.282490125190217
2398832919.019442,-148.6401003461851,2398832919.019442,-8.533416409010675
2454708915.68498,-149.9372924307829,2454708915.68498,-8.786555167810675
2511886431.509529,-151.2527119898757,2511886431.509529,-9.041947463867983
2570395782.768812,-152.5862054554556,2570395782.768812,-9.299632831481546
2630267991.895329,-153.9375998027325,2630267991.895329,-9.559649121321423
2691534803.926861,-155.3067026084529,2691534803.926861,-9.822032350627609
2754228703.33811,-156.6933021782219,2754228703.33811,-10.08681656078763
2818382931.264396,-158.0971677389968,2818382931.264396,-10.35403368377827
2884031503.126546,-159.5180496920012,2884031503.126546,-10.62371341889095
2951209226.666325,-160.9556799204656,2951209226.666325,-10.89588312107462
3019951720.401954,-162.4097721458482,3019951720.401954,-11.1705677021241
3090295432.513526,-163.8800223255413,3090295432.513526,-11.44778954581955
3162277660.168314,-165.3661090845482,3162277660.168314,-11.72756843798424
3235936569.296215,-166.8676941732263,3235936569.296215,-12.00992151227615
3311311214.825842,-168.3844229429511,3311311214.825842,-12.29486321236726
3388441561.391955,-169.9159248314635,3388441561.391955,-12.58240527099451
3467368504.525244,-171.4618138497288,3467368504.525244,-12.87255670619213
3548133892.33568,-173.0216890623522,3548133892.33568,-13.16532383483885
3630780547.700937,-174.5951350539711,3630780547.700937,-13.46071030347886
3715352290.971647,-176.1817223745519,3715352290.971647,-13.7587171362043
3801893963.205532,-177.7810079571774,3801893963.205532,-14.0593427992238
3890451449.942724,-179.3925355026742,3890451449.942724,-14.36258328158651
3981071705.534889,-181.0158358263103,3981071705.534889,-14.66843219138858
4073802778.041041,-182.6504271627599,4073802778.041041,-14.97688086665947
4168693834.703266,-184.2958154265629,4168693834.703266,-15.28791850001116
4265795188.015837,-185.9514944263918,4265795188.015837,-15.60153227603501
4365158322.401567,-187.6169460325488,4365158322.401567,-15.91770752035025
4466835921.509537,-189.2916402982248,4466835921.509537,-16.23642785914436
4570881896.148653,-190.9750355361544,4570881896.148653,-16.55767538800042
4677351412.871882,-192.6665783533497,4677351412.871882,-16.88143084877759
4786300923.226281,-194.3657036475999,4786300923.226281,-17.20767381330081
4897788193.684357,-196.0718345703325,4897788193.684357,-17.53638287262104
5011872336.272615,-197.7843824612565,5011872336.272615,-17.86753583062819
5128613839.913539,-199.5027467609092,5128613839.913539,-18.2011099008356
5248074602.497614,-201.2263149078036,5248074602.497614,-18.53708190520292
5370317963.702413,-202.9544622273111,5370317963.702413,-18.8754284739267
5495408738.576128,-204.6865518196944,5495408738.576128,-19.21612624519936
5623413251.90337,-206.4219344548355,5623413251.90337,-19.55915206401952
5754399373.371446,-208.1599484811651,5754399373.371446,-19.90448317922626
5888436553.555763,-209.8999197560977,5888436553.555763,-20.25209743802731
6025595860.743448,-211.6411616049102,6025595860.743448,-20.60197347739354
6165950018.614689,-213.3829748144735,6165950018.614689,-20.95409091179986
6309573444.801796,-215.1246476675573,6309573444.801796,-21.30843051690325
6456542290.346416,-216.8654560225937,6456542290.346416,-21.66497440886271
6606934480.075817,-218.6046634428067,6606934480.075817,-22.0237062191201
6760829753.919671,-220.3415213775083,6760829753.919671,-22.38461126457815
6918309709.189215,-222.0752693971411,6918309709.189215,-22.74767671322686
7079457843.841226,-223.8051354823175,7079457843.841226,-23.11289174538515
7244359600.749743,-225.530336365704,7244359600.749743,-23.48024771083965
7413102413.009014,-227.2500779241069,7413102413.009014,-23.84973828227366
7585775750.291673,-228.9635556165932,7585775750.291673,-24.2213596054909
7762471166.286748,-230.6699549629009,7762471166.286748,-24.59511044704561
7943282347.242641,-232.3684520547999,7943282347.242641,-24.97099233999564
8128305161.640815,-234.0582140914696,8128305161.640815,-25.34900972859745
8317637711.026528,-235.7383999283527,8317637711.026528,-25.72917011285941
8511380382.023579,-237.4081606273747,8511380382.023579,-26.11148419396688
8709635899.560616,-239.0666399948486,8709635899.560616,-26.49596602168268
8912509381.337259,-240.7129750918599,8912509381.337259,-26.88263314491774
9120108393.558897,-242.3462967004126,9120108393.558897,-27.2715067667514
9332543007.969706,-243.9657297271293,9332543007.969706,-27.6626119052658
9549925860.214149,-245.570393524829,9549925860.214149,-28.05597756164085
9772372209.557892,-247.1594021108012,9772372209.557892,-28.45163689703625
10000000000,-248.7318642591036,10000000000,-28.84962741986838
